{
  "image": "web_basemap.jpg",
  "width": 2400,
  "height": 1457,
  "bbox_3857": [
    -7203270.96512689,
    3806924.020673111,
    -7201398.778373111,
    3808061.361126889
  ],
  "lod": 19,
  "source_res_m": 0.29858214173889186
}