{
  "bbox_3857": [
    -7203270.96512689,
    3806924.020673111,
    -7201398.778373111,
    3808061.361126889
  ],
  "nx": 792,
  "ny": 481,
  "cellx_merc": 2.3668606242461676,
  "celly_merc": 2.3694592787040163,
  "ground_res_m": 2.0009204742113567,
  "ground_resx_m": 1.9998226385463984,
  "ground_resy_m": 2.002018309876315,
  "scale_ground_per_merc": 0.8449262360699127,
  "zmin": 0.0,
  "zmax": 58.0,
  "flat": false,
  "north_up": true,
  "dtype": "float32"
}