{
  "parcels": [
    {
      "PARCELID": "44378",
      "Owner": "",
      "LocationPropertyName": "Tucker's Point Golf Course",
      "Predominate_Zoning": null,
      "Acreage": 109.76294708251953
    }
  ],
  "requested_ids": [
    "44378"
  ],
  "radius_m": 100.0,
  "aoi_centroid_lonlat": [
    -64.6996749664004,
    32.33596645514605
  ],
  "scale_ground_per_merc": 0.8449262360699127,
  "aoi_bbox_3857": [
    -7203152.6116,
    3807042.3742,
    -7201517.1319,
    3807943.0076
  ],
  "aoi_hull_3857": [
    [
      -7203152.612,
      3807276.804
    ],
    [
      -7203150.781,
      3807268.113
    ],
    [
      -7203148.268,
      3807259.789
    ],
    [
      -7203145.719,
      3807255.061
    ],
    [
      -7203143.354,
      3807251.238
    ],
    [
      -7203097.553,
      3807178.222
    ],
    [
      -7203094.564,
      3807174.402
    ],
    [
      -7203089.238,
      3807168.735
    ],
    [
      -7203083.682,
      3807163.325
    ],
    [
      -7203078.007,
      3807159.339
    ],
    [
      -7203070.467,
      3807154.491
    ],
    [
      -7203060.749,
      3807150.034
    ],
    [
      -7202892.884,
      3807092.641
    ],
    [
      -7202106.888,
      3807042.374
    ],
    [
      -7201812.174,
      3807236.463
    ],
    [
      -7201741.416,
      3807288.065
    ],
    [
      -7201535.541,
      3807561.39
    ],
    [
      -7201519.11,
      3807584.039
    ],
    [
      -7201517.132,
      3807597.896
    ],
    [
      -7201517.342,
      3807613.514
    ],
    [
      -7201524.997,
      3807628.037
    ],
    [
      -7201535.938,
      3807637.501
    ],
    [
      -7201553.151,
      3807647.004
    ],
    [
      -7202272.024,
      3807943.008
    ],
    [
      -7202277.501,
      3807942.125
    ],
    [
      -7202712.08,
      3807866.88
    ],
    [
      -7202828.82,
      3807727.889
    ],
    [
      -7203148.237,
      3807293.215
    ],
    [
      -7203150.161,
      3807289.793
    ],
    [
      -7203152.434,
      3807283.035
    ]
  ],
  "study_bbox_3857": [
    -7203270.96512689,
    3806924.020673111,
    -7201398.778373111,
    3808061.361126889
  ],
  "dem": {
    "nx": 792,
    "ny": 481,
    "zmin": 0.0,
    "zmax": 58.0
  }
}