{
  "image": "web_basemap.jpg",
  "width": 2400,
  "height": 2011,
  "bbox_3857": [
    -7214171.335562469,
    3798635.49003753,
    -7212813.73163753,
    3799773.28976247
  ],
  "lod": 19,
  "source_res_m": 0.29858214173889186
}