{
  "bbox_3857": [
    -7214171.335562469,
    3798635.49003753,
    -7212813.73163753,
    3799773.28976247
  ],
  "nx": 575,
  "ny": 482,
  "cellx_merc": 2.365163632298622,
  "celly_merc": 2.365487993637723,
  "ground_res_m": 1.9999142341593719,
  "ground_resx_m": 1.9997771082599456,
  "ground_resy_m": 2.0000513600587984,
  "scale_ground_per_merc": 0.8455132156401503,
  "zmin": 0.0,
  "zmax": 42.0,
  "flat": false,
  "north_up": true,
  "dtype": "float32"
}