{
  "parcels": [
    {
      "PARCELID": "43211",
      "Owner": "",
      "LocationPropertyName": "Belmont Hills Golf Course",
      "Predominate_Zoning": null,
      "Acreage": 70.58907318115234
    }
  ],
  "requested_ids": [
    "43211"
  ],
  "radius_m": 100.0,
  "aoi_centroid_lonlat": [
    -64.7999059481493,
    32.273035553541895
  ],
  "scale_ground_per_merc": 0.8455132156401503,
  "aoi_bbox_3857": [
    -7214053.0642,
    3798753.7614,
    -7212932.003,
    3799655.0184
  ],
  "aoi_hull_3857": [
    [
      -7214053.064,
      3799388.986
    ],
    [
      -7213935.691,
      3799009.482
    ],
    [
      -7213926.448,
      3798993.561
    ],
    [
      -7213891.519,
      3798935.045
    ],
    [
      -7213830.576,
      3798833.111
    ],
    [
      -7213176.376,
      3798753.761
    ],
    [
      -7212983.795,
      3798847.132
    ],
    [
      -7212975.348,
      3798851.808
    ],
    [
      -7212963.113,
      3798858.582
    ],
    [
      -7212956.302,
      3798862.353
    ],
    [
      -7212932.003,
      3798876.824
    ],
    [
      -7212940.097,
      3799127.077
    ],
    [
      -7212967.612,
      3799176.71
    ],
    [
      -7212981.248,
      3799201.307
    ],
    [
      -7213522.521,
      3799613.662
    ],
    [
      -7213526.462,
      3799616.11
    ],
    [
      -7213601.521,
      3799647.794
    ],
    [
      -7213629.524,
      3799655.018
    ],
    [
      -7214036.685,
      3799409.559
    ]
  ],
  "study_bbox_3857": [
    -7214171.335562469,
    3798635.49003753,
    -7212813.73163753,
    3799773.28976247
  ],
  "dem": {
    "nx": 575,
    "ny": 482,
    "zmin": 0.0,
    "zmax": 42.0
  }
}