{
  "image": "web_basemap.jpg",
  "width": 2400,
  "height": 1969,
  "bbox_3857": [
    -7200969.66908492,
    3813057.73001508,
    -7198866.66671508,
    3814783.1963849203
  ],
  "lod": 18,
  "source_res_m": 0.5971642834777837
}