{
  "bbox_3857": [
    -7200969.66908492,
    3813057.73001508,
    -7198866.66671508,
    3814783.1963849203
  ],
  "nx": 889,
  "ny": 730,
  "cellx_merc": 2.368245911981642,
  "celly_merc": 2.366894883182876,
  "ground_res_m": 1.9993435923099974,
  "ground_resx_m": 1.9999140443596168,
  "ground_resy_m": 1.9987731402603774,
  "scale_ground_per_merc": 0.8444705992065572,
  "zmin": 0.0,
  "zmax": 52.0,
  "flat": false,
  "north_up": true,
  "dtype": "float32"
}