{
  "parcels": [
    {
      "PARCELID": "28359",
      "Owner": "Government of Bermuda",
      "LocationPropertyName": "St. Regis Hotel and Condos",
      "Predominate_Zoning": null,
      "Acreage": 120.657958984375
    }
  ],
  "requested_ids": [
    "28359"
  ],
  "radius_m": 100.0,
  "aoi_centroid_lonlat": [
    -64.67796534634392,
    32.38474074658675
  ],
  "scale_ground_per_merc": 0.8444705992065572,
  "aoi_bbox_3857": [
    -7200851.2517,
    3813176.1474,
    -7198985.0841,
    3814664.779
  ],
  "aoi_hull_3857": [
    [
      -7200851.252,
      3813325.274
    ],
    [
      -7200850.127,
      3813322.055
    ],
    [
      -7200755.6,
      3813214.566
    ],
    [
      -7200731.646,
      3813189.407
    ],
    [
      -7200601.189,
      3813176.147
    ],
    [
      -7199118.472,
      3813647.681
    ],
    [
      -7199114.763,
      3813649.937
    ],
    [
      -7198985.084,
      3813783.852
    ],
    [
      -7199198.14,
      3814176.501
    ],
    [
      -7199198.676,
      3814177.483
    ],
    [
      -7199504.426,
      3814618.726
    ],
    [
      -7199739.038,
      3814664.779
    ],
    [
      -7199756.01,
      3814661.252
    ],
    [
      -7199816.278,
      3814630.919
    ],
    [
      -7199821.12,
      3814627.494
    ],
    [
      -7200259.433,
      3814291.434
    ],
    [
      -7200593.195,
      3813919.087
    ],
    [
      -7200700.15,
      3813788.895
    ],
    [
      -7200700.57,
      3813788.184
    ],
    [
      -7200700.73,
      3813787.709
    ]
  ],
  "study_bbox_3857": [
    -7200969.66908492,
    3813057.73001508,
    -7198866.66671508,
    3814783.1963849203
  ],
  "dem": {
    "nx": 889,
    "ny": 730,
    "zmin": 0.0,
    "zmax": 52.0
  }
}