{
  "image": "web_basemap.jpg",
  "width": 4061,
  "height": 4096,
  "bbox_3857": [
    -7207541.901478347,
    3804306.6244216524,
    -7205078.474121653,
    3806790.8254783475
  ],
  "lod": 18,
  "source_res_m": 0.5971642834777837
}