{
  "bbox_3857": [
    -7207541.901478347,
    3804306.6244216524,
    -7205078.474121653,
    3806790.8254783475
  ],
  "nx": 1042,
  "ny": 1051,
  "cellx_merc": 2.3664047614743757,
  "celly_merc": 2.365905768281026,
  "ground_res_m": 1.9995525455464445,
  "ground_resx_m": 1.9997633861292208,
  "ground_resy_m": 1.999341704963668,
  "scale_ground_per_merc": 0.8450639631418249,
  "zmin": 0.0,
  "zmax": 78.0,
  "flat": false,
  "north_up": true,
  "dtype": "float32"
}