{
  "parcels": [
    {
      "PARCELID": "29416",
      "Owner": "",
      "LocationPropertyName": "Hathershelf",
      "Predominate_Zoning": "Residential 2",
      "Acreage": 1.1142088174819946
    }
  ],
  "requested_ids": [
    "29416"
  ],
  "radius_m": 1000.0,
  "aoi_centroid_lonlat": [
    -64.73538583806959,
    32.32121035362881
  ],
  "scale_ground_per_merc": 0.8450639631418249,
  "aoi_bbox_3857": [
    -7206358.5591,
    3805489.9668,
    -7206261.8165,
    3805607.4831
  ],
  "aoi_hull_3857": [
    [
      -7206358.559,
      3805595.467
    ],
    [
      -7206346.353,
      3805572.365
    ],
    [
      -7206335.875,
      3805553.383
    ],
    [
      -7206318.131,
      3805521.642
    ],
    [
      -7206299.759,
      3805491.054
    ],
    [
      -7206299.079,
      3805489.967
    ],
    [
      -7206268.85,
      3805511.547
    ],
    [
      -7206261.816,
      3805549.315
    ],
    [
      -7206271.651,
      3805584.366
    ],
    [
      -7206277.961,
      3805600.097
    ],
    [
      -7206281.087,
      3805607.483
    ]
  ],
  "study_bbox_3857": [
    -7207541.901478347,
    3804306.6244216524,
    -7205078.474121653,
    3806790.8254783475
  ],
  "dem": {
    "nx": 1042,
    "ny": 1051,
    "zmin": 0.0,
    "zmax": 78.0
  }
}