{
  "image": "web_basemap.jpg",
  "width": 2400,
  "height": 1733,
  "bbox_3857": [
    -7210017.1122624595,
    3803337.9128375407,
    -7208550.904837541,
    3804396.635262459
  ],
  "lod": 19,
  "source_res_m": 0.29858214173889186
}