{
  "bbox_3857": [
    -7210017.1122624595,
    3803337.9128375407,
    -7208550.904837541,
    3804396.635262459
  ],
  "nx": 621,
  "ny": 448,
  "cellx_merc": 2.364850685351919,
  "celly_merc": 2.368506543441432,
  "ground_res_m": 2.0002766835327592,
  "ground_resx_m": 1.998731748861386,
  "ground_resy_m": 2.0018216182041324,
  "scale_ground_per_merc": 0.845183064301563,
  "zmin": 0.0,
  "zmax": 44.0,
  "flat": false,
  "north_up": true,
  "dtype": "float32"
}