{
  "parcels": [
    {
      "PARCELID": "15990",
      "Owner": "Government of Bermuda",
      "LocationPropertyName": "Ocean View Golf Club",
      "Predominate_Zoning": null,
      "Acreage": 68.97105407714844
    }
  ],
  "requested_ids": [
    "15990"
  ],
  "radius_m": 100.0,
  "aoi_centroid_lonlat": [
    -64.76210012438916,
    32.308444990742586
  ],
  "scale_ground_per_merc": 0.845183064301563,
  "aoi_bbox_3857": [
    -7209898.7947,
    3803456.2304,
    -7208669.2224,
    3804278.3177
  ],
  "aoi_hull_3857": [
    [
      -7209898.795,
      3803643.44
    ],
    [
      -7209893.791,
      3803637.601
    ],
    [
      -7209833.645,
      3803570.301
    ],
    [
      -7209740.778,
      3803526.043
    ],
    [
      -7209719.99,
      3803520.475
    ],
    [
      -7209718.243,
      3803520.027
    ],
    [
      -7209556.23,
      3803485.013
    ],
    [
      -7209438.617,
      3803461.089
    ],
    [
      -7209412.169,
      3803456.23
    ],
    [
      -7208892.267,
      3803513.92
    ],
    [
      -7208884.667,
      3803515.392
    ],
    [
      -7208732.122,
      3803712.647
    ],
    [
      -7208731.582,
      3803713.648
    ],
    [
      -7208729.6,
      3803718.031
    ],
    [
      -7208728.411,
      3803722.115
    ],
    [
      -7208728.265,
      3803723.151
    ],
    [
      -7208669.222,
      3804149.03
    ],
    [
      -7208694.222,
      3804186.659
    ],
    [
      -7208755.334,
      3804278.318
    ],
    [
      -7209268.616,
      3803996.419
    ]
  ],
  "study_bbox_3857": [
    -7210017.1122624595,
    3803337.9128375407,
    -7208550.904837541,
    3804396.635262459
  ],
  "dem": {
    "nx": 621,
    "ny": 448,
    "zmin": 0.0,
    "zmax": 44.0
  }
}