{
  "image": "web_basemap.jpg",
  "width": 4096,
  "height": 4024,
  "bbox_3857": [
    -7222204.272919492,
    3797014.5287805074,
    -7220777.413380507,
    3798416.486719493
  ],
  "lod": 19,
  "source_res_m": 0.29858214173889186
}