{
  "image": "web_basemap.jpg",
  "width": 1912,
  "height": 2400,
  "bbox_3857": [
    -7222829.140225615,
    3796290.8537743846,
    -7220458.439774385,
    3799265.6995256157
  ],
  "lod": 18,
  "source_res_m": 0.5971642834777837
}