{
  "bbox_3857": [
    -7222204.272919492,
    3797014.5287805074,
    -7220777.413380507,
    3798416.486719493
  ],
  "nx": 604,
  "ny": 594,
  "cellx_merc": 2.3662678921799087,
  "celly_merc": 2.3641786492165826,
  "ground_res_m": 2.000076776018861,
  "ground_resx_m": 2.0009601273671622,
  "ground_resy_m": 1.9991934246705598,
  "scale_ground_per_merc": 0.8456185937272686,
  "zmin": 0.0,
  "zmax": 52.0,
  "flat": false,
  "north_up": true,
  "dtype": "float32"
}