{
  "bbox_3857": [
    -7222829.140225615,
    3796290.8537743846,
    -7220458.439774385,
    3799265.6995256157
  ],
  "nx": 1003,
  "ny": 1259,
  "cellx_merc": 2.3659685142022258,
  "celly_merc": 2.3647422505811373,
  "ground_res_m": 2.0001779848072334,
  "ground_resx_m": 2.000696457742998,
  "ground_resy_m": 1.9996595118714686,
  "scale_ground_per_merc": 0.8456141515550165,
  "zmin": 0.0,
  "zmax": 52.0,
  "flat": false,
  "north_up": true,
  "dtype": "float32"
}