{
  "parcels": [
    {
      "PARCELID": "27880",
      "Owner": "",
      "LocationPropertyName": "Lemon Hill",
      "Predominate_Zoning": "Residential 2",
      "Acreage": 4.73029899597168
    }
  ],
  "requested_ids": [
    "27880"
  ],
  "radius_m": 500.0,
  "aoi_centroid_lonlat": [
    -64.87175598530814,
    32.261726231377196
  ],
  "scale_ground_per_merc": 0.8456185937272686,
  "aoi_bbox_3857": [
    -7221612.9898,
    3797605.8119,
    -7221368.6965,
    3797825.2036
  ],
  "aoi_hull_3857": [
    [
      -7221612.99,
      3797713.319
    ],
    [
      -7221550.919,
      3797640.501
    ],
    [
      -7221549.232,
      3797638.522
    ],
    [
      -7221520.07,
      3797605.812
    ],
    [
      -7221376.914,
      3797707.131
    ],
    [
      -7221375.893,
      3797707.869
    ],
    [
      -7221368.696,
      3797713.069
    ],
    [
      -7221386.393,
      3797739.289
    ],
    [
      -7221446.089,
      3797825.204
    ]
  ],
  "study_bbox_3857": [
    -7222204.272919492,
    3797014.5287805074,
    -7220777.413380507,
    3798416.486719493
  ],
  "dem": {
    "nx": 604,
    "ny": 594,
    "zmin": 0.0,
    "zmax": 52.0
  }
}