{
  "image": "web_basemap.jpg",
  "width": 2400,
  "height": 1287,
  "bbox_3857": [
    -7203647.3943521045,
    3806033.122947896,
    -7201238.3194478955,
    3807324.962252104
  ],
  "lod": 19,
  "source_res_m": 0.29858214173889186
}