{
  "bbox_3857": [
    -7203647.3943521045,
    3806033.122947896,
    -7201238.3194478955,
    3807324.962252104
  ],
  "nx": 1019,
  "ny": 547,
  "cellx_merc": 2.3664782949007885,
  "celly_merc": 2.3660060516635344,
  "ground_res_m": 1.9994365066074287,
  "ground_resx_m": 1.9996360255702856,
  "ground_resy_m": 1.9992369876445713,
  "scale_ground_per_merc": 0.8449838859198655,
  "zmin": 0.0,
  "zmax": 50.0,
  "flat": false,
  "north_up": true,
  "dtype": "float32"
}