{
  "image": "web_basemap.jpg",
  "width": 2376,
  "height": 2400,
  "bbox_3857": [
    -7220430.137577306,
    3803051.5034226933,
    -7219907.861422694,
    3803578.7874773066
  ],
  "lod": 20,
  "source_res_m": 0.14929107086944593
}