{
  "bbox_3857": [
    -7220430.137577306,
    3803051.5034226933,
    -7219907.861422694,
    3803578.7874773066
  ],
  "nx": 222,
  "ny": 224,
  "cellx_merc": 2.3632405186029852,
  "celly_merc": 2.3645024870547378,
  "ground_res_m": 1.9979965950549465,
  "ground_resx_m": 1.9974632731999618,
  "ground_resy_m": 1.998529916909931,
  "scale_ground_per_merc": 0.8452221673910489,
  "zmin": 0.0,
  "zmax": 23.0,
  "flat": false,
  "north_up": true,
  "dtype": "float32"
}