{
  "parcels": [
    {
      "PARCELID": "40467",
      "Owner": "",
      "LocationPropertyName": "East Lynn",
      "Predominate_Zoning": "Residential 1",
      "Acreage": 0.2579399049282074
    }
  ],
  "requested_ids": [
    "40467"
  ],
  "radius_m": 200.0,
  "aoi_centroid_lonlat": [
    -64.85988166176804,
    32.30425290781261
  ],
  "scale_ground_per_merc": 0.8452221673910489,
  "aoi_bbox_3857": [
    -7220193.5134,
    3803288.1276,
    -7220144.4856,
    3803342.1633
  ],
  "aoi_hull_3857": [
    [
      -7220193.513,
      3803323.523
    ],
    [
      -7220193.427,
      3803321.336
    ],
    [
      -7220186.094,
      3803298.066
    ],
    [
      -7220181.766,
      3803288.128
    ],
    [
      -7220145.301,
      3803309.609
    ],
    [
      -7220144.486,
      3803342.163
    ],
    [
      -7220148.371,
      3803341.463
    ],
    [
      -7220176.82,
      3803332.839
    ],
    [
      -7220191.027,
      3803328.494
    ],
    [
      -7220191.75,
      3803327.832
    ],
    [
      -7220192.901,
      3803326.674
    ],
    [
      -7220193.477,
      3803325.063
    ]
  ],
  "study_bbox_3857": [
    -7220430.137577306,
    3803051.5034226933,
    -7219907.861422694,
    3803578.7874773066
  ],
  "dem": {
    "nx": 222,
    "ny": 224,
    "zmin": 0.0,
    "zmax": 23.0
  }
}