{
  "image": "web_basemap.jpg",
  "width": 1857,
  "height": 2400,
  "bbox_3857": [
    -7223365.274738407,
    3799093.9389615934,
    -7221978.861661593,
    3800885.3578384067
  ],
  "lod": 19,
  "source_res_m": 0.29858214173889186
}