{
  "bbox_3857": [
    -7223365.274738407,
    3799093.9389615934,
    -7221978.861661593,
    3800885.3578384067
  ],
  "nx": 587,
  "ny": 758,
  "cellx_merc": 2.3658926225483494,
  "celly_merc": 2.3664714356846224,
  "ground_res_m": 2.0005066497729804,
  "ground_resx_m": 2.0002619687818646,
  "ground_resy_m": 2.0007513307640963,
  "scale_ground_per_merc": 0.8454576296989096,
  "zmin": 0.0,
  "zmax": 42.0,
  "flat": false,
  "north_up": true,
  "dtype": "float32"
}