{
  "image": "web_basemap.jpg",
  "width": 2400,
  "height": 2196,
  "bbox_3857": [
    -7223201.195740405,
    3799861.265559595,
    -7222721.5465595955,
    3800300.185640405
  ],
  "lod": 20,
  "source_res_m": 0.14929107086944593
}