{
  "image": "web_basemap.jpg",
  "width": 1685,
  "height": 2400,
  "bbox_3857": [
    -7222356.111245124,
    3796763.882754877,
    -7220931.468754876,
    3798792.670545123
  ],
  "lod": 19,
  "source_res_m": 0.29858214173889186
}