{
  "bbox_3857": [
    -7222356.111245124,
    3796763.882754877,
    -7220931.468754876,
    3798792.670545123
  ],
  "nx": 603,
  "ny": 859,
  "cellx_merc": 2.3665157645303396,
  "celly_merc": 2.364554534086063,
  "ground_res_m": 2.000329998255824,
  "ground_resx_m": 2.0011592203648942,
  "ground_resy_m": 1.9995007761467536,
  "scale_ground_per_merc": 0.8456141515550165,
  "zmin": 0.0,
  "zmax": 52.0,
  "flat": false,
  "north_up": true,
  "dtype": "float32"
}