{
  "parcels": [
    {
      "PARCELID": "20069",
      "Owner": "Government of Bermuda",
      "LocationPropertyName": "Port Royal Golf Course",
      "Predominate_Zoning": null,
      "Acreage": 156.5771942138672
    }
  ],
  "requested_ids": [
    "20069"
  ],
  "radius_m": 100.0,
  "aoi_centroid_lonlat": [
    -64.87312993023828,
    32.26220304284259
  ],
  "scale_ground_per_merc": 0.8456141515550165,
  "aoi_bbox_3857": [
    -7222237.854,
    3796882.14,
    -7221049.726,
    3798674.4133
  ],
  "aoi_hull_3857": [
    [
      -7222237.854,
      3797631.011
    ],
    [
      -7222237.738,
      3797629.969
    ],
    [
      -7222232.984,
      3797593.791
    ],
    [
      -7222232.434,
      3797591.363
    ],
    [
      -7222225.393,
      3797563.95
    ],
    [
      -7222225.22,
      3797563.348
    ],
    [
      -7222049.711,
      3797266.28
    ],
    [
      -7222038.624,
      3797250.014
    ],
    [
      -7222037.63,
      3797248.858
    ],
    [
      -7222024.417,
      3797236.355
    ],
    [
      -7221802.699,
      3797033.204
    ],
    [
      -7221798.167,
      3797029.76
    ],
    [
      -7221343.334,
      3796882.14
    ],
    [
      -7221337.279,
      3796885.653
    ],
    [
      -7221330.996,
      3796889.327
    ],
    [
      -7221049.726,
      3797491.364
    ],
    [
      -7221052.02,
      3797554.036
    ],
    [
      -7221069.889,
      3797694.293
    ],
    [
      -7221076.733,
      3797716.537
    ],
    [
      -7221083.76,
      3797731.112
    ],
    [
      -7221538.078,
      3798370.425
    ],
    [
      -7221553.196,
      3798389.82
    ],
    [
      -7221937.238,
      3798674.413
    ],
    [
      -7221982.311,
      3798653.555
    ],
    [
      -7222076.072,
      3798591.201
    ],
    [
      -7222079.073,
      3798589.08
    ],
    [
      -7222081.328,
      3798586.513
    ],
    [
      -7222197.658,
      3797945.291
    ],
    [
      -7222236.696,
      3797660.377
    ]
  ],
  "study_bbox_3857": [
    -7222356.111245124,
    3796763.882754877,
    -7220931.468754876,
    3798792.670545123
  ],
  "dem": {
    "nx": 603,
    "ny": 859,
    "zmin": 0.0,
    "zmax": 52.0
  }
}