{
  "image": "web_basemap.jpg",
  "width": 2400,
  "height": 1751,
  "bbox_3857": [
    -7207275.642951808,
    3804979.6316481926,
    -7201238.314448193,
    3809386.0803518076
  ],
  "lod": 17,
  "source_res_m": 1.1943285669555674
}