{
  "bbox_3857": [
    -7207275.642951808,
    3804979.6316481926,
    -7201238.314448193,
    3809386.0803518076
  ],
  "nx": 1307,
  "ny": 954,
  "cellx_merc": 4.622763019613494,
  "celly_merc": 4.623765691096532,
  "ground_res_m": 3.906418847369085,
  "ground_resx_m": 3.9059952446418778,
  "ground_resy_m": 3.9068424500962924,
  "scale_ground_per_merc": 0.8449481896583259,
  "zmin": 0.0,
  "zmax": 77.84900665283203,
  "flat": false,
  "north_up": true,
  "dtype": "float32"
}