{
  "bbox_3857": [
    -7223201.195740405,
    3799861.265559595,
    -7222721.5465595955,
    3800300.185640405
  ],
  "nx": 204,
  "ny": 187,
  "cellx_merc": 2.3628038463499306,
  "celly_merc": 2.3597853806981397,
  "ground_res_m": 1.9963593227116379,
  "ground_resx_m": 1.9976353053886247,
  "ground_resy_m": 1.995083340034651,
  "scale_ground_per_merc": 0.8454511822784528,
  "zmin": 0.0,
  "zmax": 42.0,
  "flat": false,
  "north_up": true,
  "dtype": "float32"
}