{
  "image": "web_basemap.jpg",
  "width": 2329,
  "height": 2400,
  "bbox_3857": [
    -7210522.849365088,
    3801353.5827349117,
    -7209967.796934912,
    3801925.5830650884
  ],
  "lod": 20,
  "source_res_m": 0.14929107086944593
}