{
  "bbox_3857": [
    -7210522.849365088,
    3801353.5827349117,
    -7209967.796934912,
    3801925.5830650884
  ],
  "nx": 236,
  "ny": 243,
  "cellx_merc": 2.361925234792239,
  "celly_merc": 2.363637728002769,
  "ground_res_m": 1.9973556306465574,
  "ground_resx_m": 1.9966318104407053,
  "ground_resy_m": 1.9980794508524091,
  "scale_ground_per_merc": 0.8453408181721443,
  "zmin": 0.0,
  "zmax": 49.0,
  "flat": false,
  "north_up": true,
  "dtype": "float32"
}