{
  "parcels": [
    {
      "PARCELID": "37236",
      "Owner": "",
      "LocationPropertyName": "Benton",
      "Predominate_Zoning": "Residential 2",
      "Acreage": 0.7741261720657349
    }
  ],
  "requested_ids": [
    "37236"
  ],
  "radius_m": 200.0,
  "aoi_centroid_lonlat": [
    -64.77073576036943,
    32.29152987066146
  ],
  "scale_ground_per_merc": 0.8453408181721443,
  "aoi_bbox_3857": [
    -7210286.2584,
    3801590.1737,
    -7210204.3879,
    3801688.9921
  ],
  "aoi_hull_3857": [
    [
      -7210286.258,
      3801661.862
    ],
    [
      -7210246.112,
      3801590.174
    ],
    [
      -7210209.233,
      3801609.46
    ],
    [
      -7210205.951,
      3801613.388
    ],
    [
      -7210204.388,
      3801617.63
    ],
    [
      -7210204.702,
      3801622.972
    ],
    [
      -7210208.228,
      3801628.982
    ],
    [
      -7210234.728,
      3801669.711
    ],
    [
      -7210238.861,
      3801675.01
    ],
    [
      -7210243.608,
      3801680.75
    ],
    [
      -7210250.243,
      3801686.415
    ],
    [
      -7210253.631,
      3801688.874
    ],
    [
      -7210260.346,
      3801688.992
    ],
    [
      -7210262.499,
      3801688.409
    ],
    [
      -7210264.899,
      3801686.329
    ],
    [
      -7210274.006,
      3801675.926
    ],
    [
      -7210283.526,
      3801665.025
    ]
  ],
  "study_bbox_3857": [
    -7210522.849365088,
    3801353.5827349117,
    -7209967.796934912,
    3801925.5830650884
  ],
  "dem": {
    "nx": 236,
    "ny": 243,
    "zmin": 0.0,
    "zmax": 49.0
  }
}